segment,customer_id,age,income,purchase_amount,last_purchase_days,website_visits,support_calls,engagement_score,recency_score,purchase_probability,churn_probability,churn,high_value_customer,customer_lifetime_value,log_purchase,pca_x,pca_y
0,46.12,41.56,58751.4,4002.2,218.64,30.96,4.36,26.022,0.010364,0.552096,0.5012639999999999,0.52,0.68,103459.10519999999,8.276472,0.586312046929961,2.1854138519448782
1,44.22222222222222,38.888888888888886,120683.38888888889,3288.222222222222,207.55555555555554,10.11111111111111,3.388888888888889,13.427777777777777,0.00555,0.5269722222222222,0.6101555555555556,0.7222222222222222,0.3333333333333333,45550.028333333335,8.047,-0.5346992359664504,-0.07356616195698625
2,56.206896551724135,41.206896551724135,113549.6551724138,2605.103448275862,115.75862068965517,35.41379310344828,5.724137931034483,28.897586206896552,0.02383448275862069,0.7425241379310346,0.3007068965517241,0.06896551724137931,0.06896551724137931,75072.24,7.753006896551724,2.0095855648447536,-1.2155629656181584
3,52.535714285714285,41.214285714285715,66061.0,1391.4642857142858,201.82142857142858,18.25,3.9285714285714284,16.41,0.011357142857142857,0.425875,0.57045,0.5714285714285714,0.0,22111.984285714287,7.024114285714286,-2.2611141537982418,-0.6449939064453437
